{"cameraMode":{"drawMode":0,"name":"Shaded","section":"Shading Mode"},"sceneLighting":false,"audioPlay":false,"sceneViewState":{"showFog":true,"showMaterialUpdate":false,"showSkybox":false,"showFlares":true,"showImageEffects":true,"showParticleSystems":true,"showVisualEffectGraphs":true,"m_FxEnabled":true},"in2DMode":false,"pivot":{"x":-0.058282963931560519,"y":1.025173544883728,"z":-1.127993106842041},"rotation":{"x":-0.0005913928616791964,"y":-0.9799970984458923,"z":0.19907346367835999,"w":-0.0029188639018684627},"size":4.250434398651123,"orthographic":false}