{"cameraMode":{"drawMode":0,"name":"Shaded","section":"Shading Mode"},"sceneLighting":true,"audioPlay":false,"sceneViewState":{"showFog":true,"showMaterialUpdate":false,"showSkybox":true,"showFlares":true,"showImageEffects":true,"showParticleSystems":true,"showVisualEffectGraphs":true,"m_FxEnabled":true},"in2DMode":false,"pivot":{"x":0.3917877674102783,"y":2.6500000953674318,"z":-0.6382293701171875},"rotation":{"x":-0.05690108612179756,"y":-0.6145859360694885,"z":0.044518131762742999,"w":-0.7855355739593506},"size":2.0808653831481935,"orthographic":false}