{"cameraMode":{"drawMode":0,"name":"Shaded","section":"Shading Mode"},"sceneLighting":true,"audioPlay":false,"sceneViewState":{"showFog":true,"showMaterialUpdate":false,"showSkybox":true,"showFlares":true,"showImageEffects":true,"showParticleSystems":true,"showVisualEffectGraphs":true,"m_FxEnabled":true},"in2DMode":false,"pivot":{"x":-6.390193939208984,"y":-10.397103309631348,"z":15.565364837646485},"rotation":{"x":-0.053407106548547748,"y":-0.9407065510749817,"z":0.28483402729034426,"w":-0.1764153242111206},"size":34.435855865478519,"orthographic":false}